file_id,market,report_date,n_blocks,n_quotes,n_unparsed,n_price_tokens,n_mostly_attached,n_mostly_orphan,n_annotation_prices,capture_ts,sha256,capture_date,capture_before_market_date,excluded_file
usda_ams_legacy_txt/aj_fv010.txt,Atlanta,2024-01-10,26,207,7,344,69,0,68,,a908343f85b695a20411343daa69cfc659e3dbe770ac746cd220d3359a8da451,NaT,False,False
usda_ams_legacy_txt/aj_fv020.txt,Atlanta,2024-01-10,39,200,1,355,77,0,78,,7430b320ca153502ab38ac9be2d5d04dfd9b9346b8099d8f6b7f39c3c58739cb,NaT,False,False
usda_ams_legacy_txt/aj_fv030.txt,Atlanta,2024-01-10,2,52,0,90,15,0,23,,69009e78560279f2633e1c285190b9f32d49a2f7665016dcf91e163bd06a4191,NaT,False,False
usda_ams_legacy_txt/aj_fv040.txt,Atlanta,2024-01-10,3,8,0,10,0,0,2,,9b81b4b7bfe852c0b9b41fdbe1d2a56bb72ac8791c3545e91f65440f292f00d9,NaT,False,False
usda_ams_legacy_txt/bh_fv010.txt,Boston,2024-01-03,33,231,5,263,32,0,0,,97621be70fdf4e479ce50747e643d8e82296af08b35dc4e99898b47d5bc930ce,NaT,False,False
usda_ams_legacy_txt/bh_fv020.txt,Boston,2024-01-03,48,300,0,357,56,0,1,,279389db2910ed376f136fff5a6e61022349c688a646266ec3baa89d4afce180,NaT,False,False
usda_ams_legacy_txt/bh_fv030.txt,Boston,2024-01-03,4,73,0,87,14,0,0,,1e7d2c2a416dcab35ea829016d2b132c3a08ea383338c5b28cad543e03a89893,NaT,False,False
usda_ams_legacy_txt/bh_fv040.txt,Boston,2024-01-03,5,10,0,10,0,0,0,,41f8ca6b7a48e7a02bb61b237bc2812f32d1b11c979a6461d957141c7a63f82e,NaT,False,False
usda_ams_legacy_txt/bp_fv010.txt,Baltimore,2024-01-10,31,173,5,194,13,0,8,,2fdcb0b176a462fb135149d96cb6f8ab5c7a280a581b040cb585d46cc08240c9,NaT,False,False
usda_ams_legacy_txt/bp_fv020.txt,Baltimore,2024-01-10,43,225,0,254,23,0,6,,0ccaba48d0eaf1fe87ac1c19bd33d24140d30acbee6b02606844e0f515549750,NaT,False,False
usda_ams_legacy_txt/bp_fv030.txt,Baltimore,2024-01-10,2,67,0,81,13,0,1,,cda5bd25ad4a2fd9cca14b86c8d2a8eb88f2dcff4b3039c8e95196a633cfb821,NaT,False,False
usda_ams_legacy_txt/bp_fv040.txt,Baltimore,2024-01-10,1,3,0,3,0,0,0,,e4f5b1a543477d2b10b72b79a60f2e998e844cedbf5a188d22ab58fee52e2522,NaT,False,False
usda_ams_legacy_txt/ca_fv010.txt,Columbia,2024-01-03,26,137,1,140,1,0,2,,92e516cf7617de550f16a069b9e7f9e8ef54e218160f9edbf842d4e69a1a8bb3,NaT,False,False
usda_ams_legacy_txt/ca_fv020.txt,Columbia,2024-01-03,36,145,0,150,5,0,0,,423d18478137bf248dd4f252f3c6470a60e243cb015a75b797630ae45c0539a2,NaT,False,False
usda_ams_legacy_txt/ca_fv030.txt,Columbia,2024-01-03,2,48,0,51,0,0,3,,bac287b59b287738007e3d69f22a002034d1b9c102968dde1e508f99f0c3a35e,NaT,False,False
usda_ams_legacy_txt/ca_fv040.txt,Columbia,2024-01-03,6,12,0,12,0,0,0,,30d9c8798381e1d76565540daa5bec4638bb7568c65d49197c08c2146206ec2e,NaT,False,False
usda_ams_legacy_txt/du_fv010.txt,Detroit,2024-01-10,34,233,1,274,22,0,19,,a7ec57a865ac5c9e2bcae5600438bf5fa698dbbd726d673bf47afaffb4cb82c2,NaT,False,False
usda_ams_legacy_txt/du_fv020.txt,Detroit,2024-01-10,45,319,0,387,59,0,9,,2756be013280b58297847651517bedd241505bf8d5ce2a4c81d1a04efae5f0f3,NaT,False,False
usda_ams_legacy_txt/du_fv030.txt,Detroit,2024-01-10,3,75,0,87,10,0,2,,d8e6afef3ee09298cdbf4d3b7971f3f16b547ceec944473ce809d233a3f1f867,NaT,False,False
usda_ams_legacy_txt/du_fv040.txt,Detroit,2024-01-10,5,7,1,7,0,0,0,,0ce8a44c705f135dfa4dae370cef5e2494adc6d9ff3bf45a21a855bb9143d906,NaT,False,False
usda_ams_legacy_txt/hc_fv010.txt,Los Angeles,2024-01-10,61,524,13,867,320,0,23,,c1b083b6a8bcc7a96203ac12360f996b1c4c55a57956be589b65704014599c91,NaT,False,False
usda_ams_legacy_txt/hc_fv020.txt,Los Angeles,2024-01-10,74,431,6,444,0,0,13,,43db860d5d8140c27a5b59b05824c40ab7fb4a136ab265f14926b0875ddc4c67,NaT,False,False
usda_ams_legacy_txt/hc_fv030.txt,Los Angeles,2024-01-10,4,96,0,105,0,0,9,,1b2444694cfc40786afa97dbbbffc1763263b4bf7fc5d1f7e7a48e3b824bddc8,NaT,False,False
usda_ams_legacy_txt/hc_fv040.txt,Los Angeles,2024-01-10,6,13,5,13,0,0,0,,a9bc80c80fd499e6b80d297f56d1449d70b7af4650d1b42595962b483b6fb328,NaT,False,False
usda_ams_legacy_txt/hx_fv010.txt,Chicago,2024-01-10,44,281,1,290,7,0,2,,cf78075fa4a37ac345d79f066e664542aa8c41eafcc2d4c87138931dc516d054,NaT,False,False
usda_ams_legacy_txt/hx_fv020.txt,Chicago,2024-01-10,62,364,2,422,58,0,0,,b6a76f6500c61d2d04ce60bd03c2b9f3ae829ccf651c401dc6008861b17dd139,NaT,False,False
usda_ams_legacy_txt/hx_fv030.txt,Chicago,2024-01-10,4,77,0,82,5,0,0,,3a6722925ff4e9f5ba7063e6df4162fae080521092a8e157cd6c94d1b295b833,NaT,False,False
usda_ams_legacy_txt/hx_fv040.txt,Chicago,2024-01-10,7,10,0,12,1,0,1,,468a78826a9d1f591db9f146e91d39ef45ffcf176cab1bc1c5b516ea6e02b5b5,NaT,False,False
usda_ams_legacy_txt/mh_fv010.txt,Miami,2024-01-10,25,118,6,134,16,0,0,,3c777378d2ac3f6afae31af6d6f91cf38bc942806dbd621b7a723dda3f2e2cc4,NaT,False,False
usda_ams_legacy_txt/mh_fv020.txt,Miami,2024-01-10,37,140,1,155,15,0,0,,846e3a88ae253a95c03859daa18fb90bdc1c3a6b006b7b1397dfebb100a7afb2,NaT,False,False
usda_ams_legacy_txt/mh_fv030.txt,Miami,2024-01-10,2,24,0,30,2,0,4,,59fbd851d076c8bd4005b4e596c88079fcfcb7cf2536b4d686a9f1e2291a89ef,NaT,False,False
usda_ams_legacy_txt/mh_fv040.txt,Miami,2024-01-10,1,1,0,1,0,0,0,,67ea6412fa0b7c1571595887cfdbd59103d890afa859fa73d14090aab6bad835,NaT,False,False
usda_ams_legacy_txt/na_fv010.txt,Philadelphia,2024-01-10,36,311,2,346,33,0,2,,20ac072c327a9710baa7cbbbb1b2201a47e97d800e0b8eaa731ab2bb875a2611,NaT,False,False
usda_ams_legacy_txt/na_fv020.txt,Philadelphia,2024-01-10,41,254,1,286,32,0,0,,58c397b282784092139e9392d4c2f0d63768b95e29b2c7bcb40b377ecad63eda,NaT,False,False
usda_ams_legacy_txt/na_fv030.txt,Philadelphia,2024-01-10,2,92,0,103,10,0,1,,02890f1d8d2d1981a9631d76933df0c040e4b871f13d2a2cfcb23a0ce7c811f0,NaT,False,False
usda_ams_legacy_txt/na_fv040.txt,Philadelphia,2024-01-10,2,8,0,8,0,0,0,,131048cc7bcff730d076181a953422057b96e99f2d79a0f949f22aebfd8ff9b6,NaT,False,False
usda_ams_legacy_txt/nx_fv010.txt,New York,2024-01-03,40,423,39,440,10,0,7,,2c214ea4ab3a4882c9a7e05a1677af110cb4dc9f8ceaf49d55f5252d21727c34,NaT,False,False
usda_ams_legacy_txt/nx_fv020.txt,New York,2024-01-03,44,359,1,413,43,0,11,,a3d895c4d829bbe5ada79789d2c3cab1c645ecbae1f08ed53a11002cb957f655,NaT,False,False
usda_ams_legacy_txt/nx_fv030.txt,New York,2024-01-03,2,104,0,114,10,0,0,,7332cd250c670fa3b0313d958f47f7f290aee7d60ea63a014322818bd29ffaad,NaT,False,False
usda_ams_legacy_txt/nx_fv040.txt,New York,2024-01-03,8,21,2,21,0,0,0,,b3d7d82d3b34b8cb1b8200d67d50a0e8cf723291776422cf5bf3f4b44e3a9ef3,NaT,False,False
usda_ams_wayback_bh_fv020/bh_fv020_19990821043602.txt,Boston,1999-08-18,41,404,21,539,109,0,26,19990821043602,2334e59bf181e814d8111b56ab00d832321aa9ed050dc9b769a305ef5462d702,1999-08-21,False,False
usda_ams_wayback_bh_fv020/bh_fv020_19991103234356.txt,Boston,1999-11-03,44,395,23,536,114,0,27,19991103234356,00b199e9829602c9630219fa8f711158d15da19902d01d8fa50a75047390ff9c,1999-11-03,False,False
usda_ams_wayback_bh_fv020/bh_fv020_20000418180547.txt,Boston,2000-04-18,40,399,18,546,122,0,25,20000418180547,03fd730c1c4459a3568e1ac3733506a0685c31df8981203135da9b2d466d1324,2000-04-18,False,False
usda_ams_wayback_bh_fv020/bh_fv020_20000611001023.txt,Boston,2000-06-09,40,363,9,510,123,0,24,20000611001023,b449ab42dab6f87737c22a988c846334fdae81c26b4c439e18dca0f67ea1fac8,2000-06-11,False,False
usda_ams_wayback_bh_fv020/bh_fv020_20000822221726.txt,Boston,2000-08-22,40,438,20,567,108,0,21,20000822221726,c45ae911af90a0417ceb645635bd6fb1781332c41c05c9bc589b7b385a68706f,2000-08-22,False,False
usda_ams_wayback_bh_fv020/bh_fv020_20000826041833.txt,Boston,2000-08-25,40,458,22,607,136,0,13,20000826041833,9e0af3ff8dfe83a50ac2138bab0275f466c52b4c693bd19ee4c4b186ab73bfc3,2000-08-26,False,False
usda_ams_wayback_bh_fv020/bh_fv020_20010407114655.txt,Boston,2001-04-06,40,435,16,583,122,0,26,20010407114655,a983c9c8744fcd6c43aa8c35bfcde40080fe3f246b4d88dcf7d3e35c56f5d691,2001-04-07,False,False
usda_ams_wayback_bh_fv020/bh_fv020_20030221003557.txt,Boston,2003-02-20,41,333,6,460,111,0,16,20030221003557,619c970cedf3e4946fcbd638e2d846e1aa3d1d59a1d347cf4f9d47833a7a46b2,2003-02-21,False,False
usda_ams_wayback_bh_fv020/bh_fv020_20030415062854.txt,Boston,2003-04-14,40,387,13,500,98,0,15,20030415062854,ebb9b7068530effd1118ca3b3be6f5de866cd750d1c8f1b366358e9962a83702,2003-04-15,False,False
usda_ams_wayback_bh_fv020/bh_fv020_20030801234745.txt,Boston,2003-08-01,40,381,12,537,130,0,26,20030801234745,e72a69d9186d1bd757f277a634a2e76fcf0d8399270a117fa804ac2fdefbf946,2003-08-01,False,False
usda_ams_wayback_bh_fv020/bh_fv020_20030901063908.txt,Boston,2003-08-29,40,435,13,636,172,0,29,20030901063908,9c8bf8022a0727fe8ced8b7f85c44f96641670a23147389b9024b8a51a9535ef,2003-09-01,False,False
usda_ams_wayback_bh_fv020/bh_fv020_20031009042008.txt,Boston,2003-10-08,46,527,17,797,253,0,17,20031009042008,10885e0490574f27cfee863122536d4a6f37c80ebbe7aab01a869b3035ea43f2,2003-10-09,False,False
usda_ams_wayback_bh_fv020/bh_fv020_20031212180007.txt,Boston,2003-12-11,40,462,13,612,136,0,14,20031212180007,7fad82856f941f678e8f1d001a6b142eb17d924d50f5ca87f009c4327e85dd1b,2003-12-12,False,False
usda_ams_wayback_bh_fv020/bh_fv020_20040204172436.txt,Boston,2004-02-03,41,453,9,718,232,0,33,20040204172436,6c114c03084cfb00d624d101d20e7269f33e56ff3ee236db4fedc51224c37b7e,2004-02-04,False,False
usda_ams_wayback_bh_fv020/bh_fv020_20040405161810.txt,Boston,2004-04-02,41,499,10,730,206,0,25,20040405161810,927029e1d45af74525efb619e2ecfd2d3f0c8a783b66ae0fe592e633cf3efdde,2004-04-05,False,False
usda_ams_wayback_bh_fv020/bh_fv020_20040615045047.txt,Boston,2004-06-14,39,402,6,537,114,0,21,20040615045047,7075826825e114e85bea72e3e0d0016eac2367d30e7d31256bd67a763bf9a0ed,2004-06-15,False,False
usda_ams_wayback_bh_fv020/bh_fv020_20040615225750.txt,Boston,2004-06-15,39,382,3,516,110,0,24,20040615225750,5c861e33048147ad94d4241e1b2ffe820ec03ed4470aec7be71ef2443f96279a,2004-06-15,False,False
usda_ams_wayback_bh_fv020/bh_fv020_20040817081425.txt,Boston,2004-08-16,40,366,9,486,102,0,18,20040817081425,1cabe6adc97e8899179db46db3dd9921a0dbb9b6f76dc3aba6727ae841a183e0,2004-08-17,False,False
usda_ams_wayback_bh_fv020/bh_fv020_20041019100335.txt,Boston,2004-10-18,43,412,5,562,129,0,21,20041019100335,41d2d18a8fac8d62ab0ef62b96c4e13d53950fb9dd4a9e4d221b15bb6fd8e94d,2004-10-19,False,False
usda_ams_wayback_bh_fv020/bh_fv020_20041101211201.txt,Boston,2004-11-01,44,386,6,528,126,0,16,20041101211201,97a1f8fd400dd5ea8e7f854d1f2f8b2de74a6802f249ff0bb1c13a33ad31f8a1,2004-11-01,False,False
usda_ams_wayback_bh_fv020/bh_fv020_20041210131800.txt,Boston,2004-12-09,40,401,6,557,141,0,15,20041210131800,2be2601bee500da3571090c6ada2d340d1587e108e563f3897fc64372474f96e,2004-12-10,False,False
usda_ams_wayback_bh_fv020/bh_fv020_20050105085657.txt,Boston,2005-01-04,40,375,4,517,132,0,10,20050105085657,cb65bef023a774199752493ad8e9f4bfba110f5113b9c14b0c7a11422055775d,2005-01-05,False,False
usda_ams_wayback_bh_fv020/bh_fv020_20050204190421.txt,Boston,2005-02-04,40,461,12,607,133,0,13,20050204190421,f247fec8eccd27452ef762622d2cc7c04f6ef1df012c4c9bff24c31726b8f005,2005-02-04,False,False
usda_ams_wayback_bh_fv020/bh_fv020_20050612085232.txt,Boston,2005-06-10,41,407,5,541,113,0,21,20050612085232,da2934ee183f9565f2ed3b83e40feac7d68f1ee54019c4676c3556cb8901adea,2005-06-12,False,False
usda_ams_wayback_bh_fv020/bh_fv020_20050822125230.txt,Boston,2005-08-19,41,475,5,596,100,0,21,20050822125230,ffe5ecebe039d98ef3e3510b28743c1ffed5c558ef408636914820b79f106027,2005-08-22,False,False
usda_ams_wayback_bh_fv020/bh_fv020_20051028230735.txt,Boston,2005-10-26,44,439,5,619,164,0,16,20051028230735,9451a3b2014261671c10c1d94686ea44b911009886a955f20adf9d442f7c27a8,2005-10-28,False,False
usda_ams_wayback_bh_fv020/bh_fv020_20051107023524.txt,Boston,2005-11-04,43,406,6,578,157,0,15,20051107023524,0229d0cba724268ead27a5b00282af35bb094f47f176e7b5c6be6f70b6d265c4,2005-11-07,False,False
usda_ams_wayback_bh_fv020/bh_fv020_20051108201611.txt,Boston,2005-11-08,41,423,4,587,142,0,22,20051108201611,e22e9d47bb7e3a233eb54db621910899ef51d347452c68eb2faa2d68513c2d95,2005-11-08,False,False
usda_ams_wayback_bh_fv020/bh_fv020_20051210101238.txt,Boston,2005-12-09,40,399,2,586,169,0,18,20051210101238,658a68ef6a513ee9ba2ce4cbba587d623c38eac477f364fbd2d21421441862f3,2005-12-10,False,False
usda_ams_wayback_bh_fv020/bh_fv020_20051216004310.txt,Boston,2005-12-15,40,409,3,578,150,0,19,20051216004310,415bdae246761d5eff393fe38ac1fa2b04ae141fb63d92d3e1f487f246055d05,2005-12-16,False,False
usda_ams_wayback_bh_fv020/bh_fv020_20060127011647.txt,Boston,2006-01-26,40,399,7,606,185,0,22,20060127011647,200c6d643669af5634fa7cc2c6bddf3636e1079ef738379fff4c4db0472c3b15,2006-01-27,False,False
usda_ams_wayback_bh_fv020/bh_fv020_20060217030234.txt,Boston,2006-02-16,41,439,7,753,270,0,44,20060217030234,c67205693fee43e33b1c8680a7646f374b02b7f2f7a31abdd12d8e7c7d6a7710,2006-02-17,False,False
usda_ams_wayback_bh_fv020/bh_fv020_20060613034458.txt,Boston,2006-06-12,41,463,21,768,273,0,32,20060613034458,cdf7a5ae048116959870b1598c7b9bb56a765f5906c2bed1a601fc68264472af,2006-06-13,False,False
usda_ams_wayback_bh_fv020/bh_fv020_20060824015106.txt,Boston,2006-09-22,45,503,30,682,169,0,10,20060824015106,d406812ccb72ce99e8ee77f79d26d8ea7d8a11775ac543d1c21bbabc0ce160b9,2006-08-24,True,True
usda_ams_wayback_bh_fv020/bh_fv020_20060923212202.txt,Boston,2006-09-22,45,503,30,682,169,0,10,20060923212202,d406812ccb72ce99e8ee77f79d26d8ea7d8a11775ac543d1c21bbabc0ce160b9,2006-09-23,False,False
usda_ams_wayback_bh_fv020/bh_fv020_20061005023208.txt,Boston,2006-10-04,45,457,11,646,172,0,17,20061005023208,4b82959abc8e48c57372538c4e8e78ad9828156d50fb2b61761b1ef0a7266398,2006-10-05,False,False
usda_ams_wayback_bh_fv020/bh_fv020_20061219212447.txt,Boston,2006-12-19,40,420,8,628,171,0,37,20061219212447,d60aa59243bb6857da8f452a3222a310e0cb5b3ba68a3c69c3d68aa17c96013e,2006-12-19,False,False
usda_ams_wayback_bh_fv020/bh_fv020_20070208203038.txt,Boston,2007-02-08,41,380,4,526,136,0,10,20070208203038,d1f992ea602bc81a996d819a9e5b16ab461c151d7b0bc90eb4e50d884c7b3925,2007-02-08,False,False
usda_ams_wayback_bh_fv020/bh_fv020_20070406063534.txt,Boston,2007-04-05,41,422,2,555,117,0,16,20070406063534,b3c44e3ea1c16cde91a658a0f3f75035ca7b5b79baf5100ddac7c7e2b2da089a,2007-04-06,False,False
usda_ams_wayback_bh_fv020/bh_fv020_20070607101035.txt,Boston,2007-06-06,41,454,0,585,115,0,16,20070607101035,f728bec7eee1f6b251ce4d0daddb386c9bfc8a3e8049432858b3db425541930c,2007-06-07,False,False
usda_ams_wayback_bh_fv020/bh_fv020_20070714211522.txt,Boston,2007-07-13,40,507,7,678,149,0,22,20070714211522,d4121b3347c58f74518bd91f13e52fd43de9ec6b4e4b6174c109f99b9fe3d567,2007-07-14,False,False
usda_ams_wayback_bh_fv020/bh_fv020_20071103135347.txt,Boston,2007-11-02,45,439,5,718,258,0,21,20071103135347,e904992f40bbc7779c1cdd4b37a447164915ebca9af80c80acb55815b7b975ad,2007-11-03,False,False
usda_ams_wayback_bh_fv020/bh_fv020_20071209154918.txt,Boston,2007-12-07,60,451,9,729,253,0,25,20071209154918,f79c63443cca123366c68cf47f1aeffc9110c6ed8cb0417a0ca445814dbd465c,2007-12-09,False,False
usda_ams_wayback_bh_fv020/bh_fv020_20080314205011.txt,Boston,2008-03-14,76,487,7,848,333,0,28,20080314205011,3eff4d78b132d344eddfb5a473255836bf47233fd473a2b2c4aaa50880bb5dbc,2008-03-14,False,False
usda_ams_wayback_bh_fv020/bh_fv020_20080905194301.txt,Boston,2008-09-05,49,441,2,729,268,0,20,20080905194301,e2db18b619d15c570fe19dfb6e207acd2b444897589b7737885e6de8337f7b73,2008-09-05,False,False
usda_ams_wayback_bh_fv020/bh_fv020_20080925105828.txt,Boston,2008-09-24,75,618,15,948,310,0,20,20080925105828,3c8741c8e992ba3f8ba374a0244093d410e4919a0f554c1ea9cec3a5c75d5810,2008-09-25,False,False
usda_ams_wayback_bh_fv020/bh_fv020_20081006020554.txt,Boston,2008-10-03,73,630,7,929,281,0,18,20081006020554,a0ccd5d562f8394e77f0cf399bdd0dc95173eabc28d8f7a136bfa7d54028e714,2008-10-06,False,False
usda_ams_wayback_bh_fv020/bh_fv020_20090115202111.txt,Boston,2009-01-15,61,414,1,590,153,0,23,20090115202111,0fca8174d54d16623c40b4226fccd0c3bab0534784c66ec2bf5958d9a3c2f65e,2009-01-15,False,False
usda_ams_wayback_bh_fv020/bh_fv020_20090117034218.txt,Boston,2009-01-16,61,410,1,588,154,0,24,20090117034218,e02f55355f08aff1d30b21a316dc4971c49ab1594f641af26288176c3b6fd7b5,2009-01-17,False,False
usda_ams_wayback_bh_fv020/bh_fv020_20090225190445.txt,Boston,2009-02-25,59,374,1,546,149,0,23,20090225190445,64b607a5a0ec69601fcbb0655fea9d570ccd0e8ae9003c943f9ddb201175732a,2009-02-25,False,False
usda_ams_wayback_bh_fv020/bh_fv020_20090305045305.txt,Boston,2009-03-04,59,381,0,547,151,0,15,20090305045305,359f68ec132927b1650e525af062878f4428fde24f9f4d95879b8fdbd2cc9918,2009-03-05,False,False
usda_ams_wayback_bh_fv020/bh_fv020_20090404210533.txt,Boston,2009-04-03,60,398,6,561,140,0,23,20090404210533,a703341cb2645bebe91e8d45706e7ff14ade722f8063a43daf344ea0c63a53c2,2009-04-04,False,False
usda_ams_wayback_bh_fv020/bh_fv020_20090830125248.txt,Boston,2009-08-28,59,448,0,645,169,0,28,20090830125248,de70766512fae6f01510c3084a072442395310b549e3a29543ba3d29706790dd,2009-08-30,False,False
usda_ams_wayback_bh_fv020/bh_fv020_20091226113755.txt,Boston,2009-12-24,52,370,0,537,143,0,24,20091226113755,dbb15c211b888d45f63905f88b0ecd994f300854ec0c6310e9a95715ce7cc8bf,2009-12-26,False,False
usda_ams_wayback_bh_fv020/bh_fv020_20100106144531.txt,Boston,2010-01-05,52,379,6,526,131,0,16,20100106144531,1ccba641b10f7301894f8681c1db2d47da4e5484662cee38568f6c09cc54c3bd,2010-01-06,False,False
usda_ams_wayback_bh_fv020/bh_fv020_20100308224549.txt,Boston,2010-03-08,52,471,0,858,355,0,32,20100308224549,63523ed64dcdf9e96484aa87edc97a0dcab138536100496ff2fe68b89c8c05e4,2010-03-08,False,False
usda_ams_wayback_bh_fv020/bh_fv020_20100602081605.txt,Boston,2010-06-01,53,377,2,547,161,0,9,20100602081605,33a91836a4f7beba2ac9bd90175ad14e5c2c2606cf13a52c945659f2f21721e9,2010-06-02,False,False
usda_ams_wayback_bh_fv020/bh_fv020_20100609035321.txt,Boston,2010-06-08,52,387,0,565,163,0,15,20100609035321,87e62d15786cd31f5738f3c1d0742ce007af5158b4ea2f0a7dc10e5002b2fe8e,2010-06-09,False,False
usda_ams_wayback_bh_fv020/bh_fv020_20100720045035.txt,Boston,2010-07-19,51,423,6,612,163,0,26,20100720045035,0e946e79b0c2a35e150f398fd91bbef909c3eb27a196bb2d4f0fedaf2151cc6d,2010-07-20,False,False
usda_ams_wayback_bh_fv020/bh_fv020_20110813234409.txt,Boston,2011-08-12,43,462,3,698,223,0,13,20110813234409,461a82b7a29d6013957cabdbb1b1254258712a5c4db05f0635f5361731340ada,2011-08-13,False,False
usda_ams_wayback_bh_fv020/bh_fv020_20111018165731.txt,Boston,2011-10-17,50,441,12,711,259,0,11,20111018165731,b50d5ccc5161b0a08109934ec2295d7a531dbb8eba150589717ab9edf42bd3a8,2011-10-18,False,False
usda_ams_wayback_bh_fv020/bh_fv020_20111024174254.txt,Boston,2011-10-21,50,495,8,773,267,0,11,20111024174254,3a79dbd4b7b186375da40fe754ee00d5c25bccce95b65418c0dafb63905c8ac6,2011-10-24,False,False
usda_ams_wayback_bh_fv020/bh_fv020_20111118065503.txt,Boston,2011-11-17,45,457,2,749,272,0,20,20111118065503,a0aace5e44546762e5c75265568affd01bcf3adf5065d3d34235745d34cf9a6f,2011-11-18,False,False
usda_ams_wayback_bh_fv020/bh_fv020_20111219012417.txt,Boston,2011-12-16,44,419,0,664,225,0,20,20111219012417,6da26acdbacabfcb536a5108330aec726460800154942ecf7f6848679415d3cb,2011-12-19,False,False
usda_ams_wayback_bh_fv020/bh_fv020_20120120132029.txt,Boston,2012-01-19,45,394,16,616,208,0,14,20120120132029,415760c0c246e6ec31a6fda70c2063454a5f39b448aed51ddbfe8458790d7766,2012-01-20,False,False
usda_ams_wayback_bh_fv020/bh_fv020_20120321080233.txt,Boston,2012-03-20,46,406,1,587,178,0,3,20120321080233,f7fdc72a2716f688e0e7dc9c5a9645dad86b87de1067600505c4d0cd8fd3c9f0,2012-03-21,False,False
usda_ams_wayback_bh_fv020/bh_fv020_20120420204928.txt,Boston,2012-04-20,47,413,2,590,174,0,3,20120420204928,f062e0ff249833154c3d4b05c98f0637bb277c2b3542e410ebf2368728ee5cf7,2012-04-20,False,False
usda_ams_wayback_bh_fv020/bh_fv020_20120520230603.txt,Boston,2012-05-18,47,432,27,636,199,0,5,20120520230603,2726072a244e1aae8004cb16942eee15a40850cf370a3048b433602aeb81d0fe,2012-05-20,False,False
usda_ams_wayback_bh_fv020/bh_fv020_20120706221548.txt,Boston,2012-07-06,44,446,6,743,291,0,6,20120706221548,e05ce9a5c7da7dfba074ea56fa94713b989fb21da4b3bc7d15e566ecb336862d,2012-07-06,False,False
usda_ams_wayback_bh_fv020/bh_fv020_20120911012801.txt,Boston,2012-09-10,48,435,1,613,172,0,6,20120911012801,96b8bc3cb84a17ca6d0a26f948cbd812353292fbec76e5c68a90d8d28c6ba7a0,2012-09-11,False,False
usda_ams_wayback_bh_fv020/bh_fv020_20121119081642.txt,Boston,2012-11-16,50,440,1,607,164,0,3,20121119081642,740d360494784a2eb9401e74926daa3cdecc78f04276a67e73f8f9fd3da78d2a,2012-11-19,False,False
usda_ams_wayback_bh_fv020/bh_fv020_20130129024637.txt,Boston,2013-01-28,45,362,4,484,114,0,8,20130129024637,ff8c0a530508740bd2ef356114477b06fb29c5ad89d3f2c63c7587209dee1788,2013-01-29,False,False
usda_ams_wayback_bh_fv020/bh_fv020_20130130061351.txt,Boston,2013-01-29,45,375,4,499,117,0,7,20130130061351,15c11f6b298acb06f0f55e3bcbeb8b988115ed081d54b26cd119f305072fd797,2013-01-30,False,False
usda_ams_wayback_bh_fv020/bh_fv020_20130406135659.txt,Boston,2013-04-05,45,415,1,550,132,0,3,20130406135659,ae57e30fa06229a4d6337d38c0abac3636cf91c0d32aa0e9acffc10413f47451,2013-04-06,False,False
usda_ams_wayback_bh_fv020/bh_fv020_20130606041924.txt,Boston,2013-06-05,44,392,3,529,134,0,3,20130606041924,1d4f317c16954ad4a3736086356c24c2025879e29dc0a776b05c99caf8d9d014,2013-06-06,False,False
usda_ams_wayback_bh_fv020/bh_fv020_20130607052408.txt,Boston,2013-06-06,44,401,3,544,138,0,5,20130607052408,7905a5d9a4f1ef95a58a93e5b8ea9e8aac14bd58316e611ba332987f8bb85a62,2013-06-07,False,False
usda_ams_wayback_bh_fv020/bh_fv020_20130728063944.txt,Boston,2013-07-26,44,443,0,584,136,0,5,20130728063944,5df664b2467c8607cd57f01726b4a60cabffaf920c848b4f2ef21e6acac0abc2,2013-07-28,False,False
usda_ams_wayback_bh_fv020/bh_fv020_20130827220302.txt,Boston,2013-08-27,43,387,3,608,214,0,7,20130827220302,ef9ab286e916a0d06cd86ff508f8ef4b7b7a7b3e04cc9f7fb31ae8ba566370e2,2013-08-27,False,False
usda_ams_wayback_bh_fv020/bh_fv020_20130918022654.txt,Boston,2013-09-17,48,444,3,615,170,0,1,20130918022654,7e6e28f79945b8ddb386da70e217a9f39eead79f568507acff44b27078ed7e57,2013-09-18,False,False
usda_ams_wayback_bh_fv020/bh_fv020_20140911212004.txt,Boston,2014-09-11,48,441,0,620,175,0,4,20140911212004,c1de99459e2faa82d2fd4427a2a1b7c3bba34e0d9bfe82a6124a1e3a9151ad07,2014-09-11,False,False
usda_ams_wayback_bh_fv020/bh_fv020_20141217074105.txt,Boston,2014-12-16,43,371,2,664,289,0,4,20141217074105,8dcdef3b732420016c09e43031794ceb40f37ce4a85c7700d8225941bb775345,2014-12-17,False,False
usda_ams_wayback_bh_fv020/bh_fv020_20150114000915.txt,Boston,2015-01-13,44,389,0,719,325,0,5,20150114000915,45c226a12351fc069eb336401689d07908e99e181e4d5d8be489d891ca9f50bd,2015-01-14,False,False
usda_ams_wayback_bh_fv020/bh_fv020_20150205012952.txt,Boston,2015-02-04,41,361,0,607,217,0,29,20150205012952,e2e25949cd85cae042815b20b4559a5b9569297450a1b250a9ce0795bb0c0c4e,2015-02-05,False,False
usda_ams_wayback_bh_fv020/bh_fv020_20150218070410.txt,Boston,2015-02-17,41,372,2,639,249,0,18,20150218070410,456d00c63cd46892cc364a97d5ec61ec74be6b6f65c962cff15cd7bfb80d5062,2015-02-18,False,False
usda_ams_wayback_bh_fv020/bh_fv020_20150303224946.txt,Boston,2015-03-03,43,399,6,712,309,0,4,20150303224946,18745d78de63efde0cb1c1698b7c6745a0eab0d74e2f703a7ba3a416e1db364d,2015-03-03,False,False
usda_ams_wayback_bh_fv020/bh_fv020_20150813034130.txt,Boston,2015-08-12,46,409,1,761,344,0,8,20150813034130,f69a1a3e01373bf11eb3beef28f15c6056b4d33770eb7fedd50e7bec568b1a39,2015-08-13,False,False
usda_ams_wayback_bh_fv020/bh_fv020_20150912100333.txt,Boston,2015-09-11,51,418,7,754,335,0,1,20150912100333,1695d9295157027d6edc00b8d8a061813c0efe8e5f135ae7b1e4806f9dcecfbe,2015-09-12,False,False
usda_ams_wayback_bh_fv020/bh_fv020_20150918020827.txt,Boston,2015-09-17,51,429,3,769,340,0,0,20150918020827,0e275fb53524294e20dfe7cfb61d51bbe0d5d1a7fe0f73363174bbd881a90801,2015-09-18,False,False
usda_ams_wayback_bh_fv020/bh_fv020_20150925071323.txt,Boston,2015-09-24,52,429,3,768,339,0,0,20150925071323,9e1699824fc11a8473e8f839cf90a265d4daf5ec9fa416e51f9b4f7957b160ae,2015-09-25,False,False
usda_ams_wayback_bh_fv020/bh_fv020_20151024020118.txt,Boston,2015-10-23,51,407,3,768,351,0,10,20151024020118,87b120f549fde13a24ed66212c8dd6d887ddb827958cecfbef397b13ad7df549,2015-10-24,False,False
usda_ams_wayback_bh_fv020/bh_fv020_20160114082439.txt,Boston,2016-01-13,48,332,1,581,241,0,8,20160114082439,221681ace055f3022026180018dd57c0e9e60e4448d79eda9695d83323546812,2016-01-14,False,False
usda_ams_wayback_bh_fv020/bh_fv020_20160129000217.txt,Boston,2016-01-28,49,334,0,580,238,0,8,20160129000217,ff092d673f36174c69f9f1e8017082e866ea47e4755844c83472821144938be5,2016-01-29,False,False
usda_ams_wayback_bh_fv020/bh_fv020_20170131231506.txt,Boston,2017-01-31,47,341,0,526,176,0,9,20170131231506,78251e202f832e81b1ce31f120c3d2acda678fa1a68b4eaf2156d9a814d8c637,2017-01-31,False,False
usda_ams_wayback_bh_fv020/bh_fv020_20170504025515.txt,Boston,2017-05-03,53,381,0,584,190,0,13,20170504025515,438775c499d03e623cfd88447916548139d6063cb0f76022958e8bed3e4e78c9,2017-05-04,False,False
usda_ams_wayback_bh_fv020/bh_fv020_20170526071851.txt,Boston,2017-05-25,52,372,3,669,293,0,4,20170526071851,a717550c31e029e03341145e79af8ee53be56d9d1420b99157a9d6d335974605,2017-05-26,False,False
usda_ams_wayback_bh_fv020/bh_fv020_20190720141225.txt,Boston,2019-07-19,52,412,1,750,315,0,23,20190720141225,ce1f781d59462a701d56cfab5d5a3a2b124df68b5c648d1dd486a37adfb115c9,2019-07-20,False,False
usda_ams_wayback_bh_fv020/bh_fv020_20190915103148.txt,Boston,2019-09-13,58,422,3,746,314,0,10,20190915103148,683d1f7823ed00b5fe428573786955e6ea8a76fa041d3359e15777d874918fd4,2019-09-15,False,False
usda_ams_wayback_bh_fv020/bh_fv020_20191112043014.txt,Boston,2019-11-08,58,466,3,875,383,0,26,20191112043014,9cf2664204b4ce09e8d3b67e73edaca5ebb3a36975dda238fb0324e04e3c7e5e,2019-11-12,False,False
usda_ams_wayback_bh_fv020/bh_fv020_20200804151843.txt,Boston,2020-08-03,50,371,0,652,256,0,25,20200804151843,5f13569f864760656b8409462519ad526c0c06f7b33c81bfc7e956a04cdae8c6,2020-08-04,False,False
usda_ams_wayback_bh_fv020/bh_fv020_20201029025306.txt,Boston,2020-10-28,57,545,7,679,108,0,26,20201029025306,4b253df346788973c56d2d9d6b19df663cb1a3aa7abd3219c55f0092811fad15,2020-10-29,False,False
usda_ams_wayback_bh_fv020/bh_fv020_20201230093455.txt,Boston,2020-12-29,47,346,9,472,105,0,21,20201230093455,b295736ad0bd308fec2b9b0ca7e9d32a02d971a3047385dc17298f45ce70aeb0,2020-12-30,False,False
usda_ams_wayback_bh_fv020/bh_fv020_20210413022827.txt,Boston,2021-04-12,46,335,5,450,102,0,13,20210413022827,3af8508fe0502c0d71e3ae101a02f066acecfe1c00d2df692dccf00db2bf081d,2021-04-13,False,False
usda_ams_wayback_bh_fv020/bh_fv020_20210613082522.txt,Boston,2021-06-11,46,335,1,446,106,0,5,20210613082522,45ddc8c39b206f7e390a4d4e05d23481aa559f55de44daf4e069386763468d66,2021-06-13,False,False
usda_ams_wayback_bh_fv020/bh_fv020_20210617031244.txt,Boston,2021-06-16,46,339,1,477,119,0,19,20210617031244,8eb9a2397aad5c016750fa6e56515c0d23ae8a61e38f8ced492e295439ae1652,2021-06-17,False,False
usda_ams_wayback_bh_fv020/bh_fv020_20210923215731.txt,Boston,2021-09-23,49,357,1,547,177,0,13,20210923215731,9b30b7fe73852559c2902a49cb2989925c0d50656499c38834fbb025b355c907,2021-09-23,False,False
usda_ams_wayback_bh_fv020/bh_fv020_20220123064327.txt,Boston,2022-01-21,47,288,1,385,86,0,11,20220123064327,20740420a38a370efa3b45e4dc2564cbfe1c4d2f4cad8aa6c835313820c528c3,2022-01-23,False,False
usda_ams_wayback_bh_fv020/bh_fv020_20220214170933.txt,Boston,2022-02-11,47,271,1,371,92,0,8,20220214170933,46347e9663be24e7a24154f71c880fe9ef2191cd8b717879efe9e80e70a67b66,2022-02-14,False,False
usda_ams_wayback_bh_fv020/bh_fv020_20220328052154.txt,Boston,2022-03-25,43,270,0,364,89,0,5,20220328052154,fb9a629baceda7716da2be1643a8844f81bddc61f5fe3e675be8450954df782d,2022-03-28,False,False
usda_ams_wayback_bh_fv020/bh_fv020_20220525105902.txt,Boston,2022-05-24,44,273,0,358,82,0,3,20220525105902,691fcf53629c9fa23d6e51f1859225891aa3a2c7ac9d9ff2935da7e70c833a69,2022-05-25,False,False
usda_ams_wayback_bh_fv020/bh_fv020_20220929184437.txt,Boston,2022-09-29,45,320,0,401,80,0,1,20220929184437,9f7c27500d3cd5db933a5f13d25d3eb7721076cebf7d6747fbcfaa441eb65012,2022-09-29,False,False
usda_ams_wayback_bh_fv020/bh_fv020_20230209133458.txt,Boston,2023-02-08,43,284,0,346,61,0,1,20230209133458,9b8d53de4287fc11630b81c72ec3f49caeeb83f22c136c153fb8748084be5bc4,2023-02-09,False,False
usda_ams_wayback_bh_fv020/bh_fv020_20230606172817.txt,Boston,2023-06-06,47,301,0,374,70,0,3,20230606172817,3dacd1cfbdca7584c76f4c1e15ff2566896d3fe1a3983bfb835c5cb3a3c7cdea,2023-06-06,False,False
usda_ams_wayback_bh_fv020/bh_fv020_20230607171806.txt,Boston,2023-06-07,47,311,0,386,73,0,2,20230607171806,1b90d5478b95bbfb9d32cfb7372974600da4b7457f9f0f8fef17d4867c1ee25f,2023-06-07,False,False
usda_ams_wayback_bh_fv020/bh_fv020_20230714095346.txt,Boston,2023-07-13,47,351,0,424,71,0,2,20230714095346,8e994173c890331bbdc475d42847ff143844bba7d6eeccac149d4818bee4500d,2023-07-14,False,False
usda_ams_wayback_bh_fv020/bh_fv020_20230802061304.txt,Boston,2023-08-01,47,350,0,406,55,0,1,20230802061304,f8274f695667c5b8393b83f4e16047be7e54dae15bc57abc6d51b37c13617d85,2023-08-02,False,False
usda_ams_wayback_bh_fv020/bh_fv020_20230810120046.txt,Boston,2023-08-09,47,329,0,389,59,0,1,20230810120046,65f0f6972d24c298d17c372b20a35f737a18d1e136427ab4a318cee090bc5169,2023-08-10,False,False
usda_ams_wayback_bh_fv020/bh_fv020_20231117225239.txt,Boston,2023-11-17,43,312,0,377,63,0,2,20231117225239,aa77f65149af0ab204bad8b296d87bbfb74e49c3aca6ccdc4d9faf3d00634998,2023-11-17,False,False
usda_ams_wayback_bh_fv020/bh_fv020_20231130020936.txt,Boston,2023-11-29,49,311,0,370,58,0,1,20231130020936,d882e3e0afbd68c0e7f5b52bddf72cfc123c9228c5ae4bd90d7ac4ad17125101,2023-11-30,False,False
usda_ams_wayback_bh_fv020/bh_fv020_20240614195728.txt,Boston,2024-01-03,48,300,0,357,56,0,1,20240614195728,279389db2910ed376f136fff5a6e61022349c688a646266ec3baa89d4afce180,2024-06-14,False,True
